Solutions,Total Picking Cost,Total Replenishment Cost,Weighted_Sum
Our Solution,87092.99102564102,150.64317476631487,87243.63420040734
Initial,133300.83717948716,208.0140421418472,133508.851221629
